DROP TABLE IF EXISTS dept;
DROP TABLE IF EXISTS emp;
DROP TABLE IF EXISTS meeting;
DROP TABLE IF EXISTS empmeeting;
DROP TABLE IF EXISTS address;

CREATE TABLE dept(deptno INT(4), dname VARCHAR(40), loc VARCHAR(40));

INSERT INTO dept VALUES (10,'ACCOUNTING','NEW YORK');
INSERT INTO dept VALUES (20,'RESEARCH','DALLAS');
INSERT INTO dept VALUES (30,'SALES','CHICAGO');
INSERT INTO dept VALUES (40,'OPERATIONS','BOSTON');

CREATE TABLE emp(empno INT(4), ename VARCHAR(40), job VARCHAR(40), mgr INT(4), hire DATE, sal DECIMAL(8,2), comm DECIMAL(8,2), deptno INT(4));

INSERT INTO emp VALUES (7369,'SMITH','CLERK',7902,'1980-12-17',800.00,NULL,20);
INSERT INTO emp VALUES (7499,'ALLEN','SALESMAN',7698,'1981-02-20',1600.00,300.00,30);
INSERT INTO emp VALUES (7521,'WARD','SALESMAN',7698,'1981-02-22',1250.00,500.00,30);
INSERT INTO emp VALUES (7566,'JONES','MANAGER',7839,'1981-04-02',2975.00,NULL,20);
INSERT INTO emp VALUES (7654,'MARTIN','SALESMAN',7698,'1981-09-28',1250.00,1400.00,30);
INSERT INTO emp VALUES (7698,'BLAKE','MANAGER',7839,'1981-05-01',2850.00,NULL,30);
INSERT INTO emp VALUES (7782,'CLARK','MANAGER',7839,'1981-06-09',2450.00,NULL,10);
INSERT INTO emp VALUES (7788,'SCOTT','ANALYST',7566,'1982-12-09',3000.00,NULL,20);
INSERT INTO emp VALUES (7839,'KING','PRESIDENT',NULL,'1981-11-17',5000.00,NULL,10);
INSERT INTO emp VALUES (7844,'TURNER','SALESMAN',7698,'1981-09-08',1500.00,0.00,30);
INSERT INTO emp VALUES (7876,'ADAMS','CLERK',7788,'1983-01-12',1100.00,NULL,20);
INSERT INTO emp VALUES (7900,'JAMES','CLERK',7698,'1981-12-03',950.00,NULL,30);
INSERT INTO emp VALUES (7902,'FORD','ANALYST',7566,'1981-12-03',3000.00,NULL,20);
INSERT INTO emp VALUES (7934,'MILLER','CLERK',7782,'1982-01-23',1300.00,NULL,10);


CREATE TABLE meeting (ID INT AUTO_INCREMENT PRIMARY KEY, SUBJECT VARCHAR(30) NOT NULL , MEETDATE DATETIME NOT NULL);
INSERT INTO meeting (SUBJECT, MEETDATE) VALUES('AUDIT', '2016/12/31 10:00:00');
INSERT INTO meeting (SUBJECT, MEETDATE) VALUES('REVIEW', '2017/1/2 14:30:00');

CREATE TABLE empmeeting (empID INT REFERENCES empLOYEE, meetingID INT REFERENCES meeting);
INSERT INTO empmeeting VALUES(7900, 1);
INSERT INTO empmeeting VALUES(7782, 1);
INSERT INTO empmeeting VALUES(7654, 1);
INSERT INTO empmeeting VALUES(7934, 1);
INSERT INTO empmeeting VALUES(7934, 2);
INSERT INTO empmeeting VALUES(7844, 2);
INSERT INTO empmeeting VALUES(7788, 2);

CREATE TABLE address(empID INT AUTO_INCREMENT PRIMARY KEY REFERENCES empLOYEE, ADDR VARCHAR(50),  COUNTRY VARCHAR(20));
INSERT INTO address VALUES(7900, '453 Trout St, New York', 'USA')	;
INSERT INTO address VALUES(7782, '432 Old York Street, OH', 'USA');
INSERT INTO address VALUES(7844, '9170 Elm Street, OH', 'USA');

COMMIT;


